name,finalPlacement
whitemare,296
miko$,237
amitwin,355
follow,237
2ddj,355
kushwaii,178
pixel,296
manyula,65
bapmoney,119
glaikit,237
supervacilon,178
king funk,49
mad4men,237
rd,178
blazza,414
dom dunc,296
chain,296
reb,237
mint,25
kasparv,97
juice,296
way,49
bocaj,296
m o o n m a n,355
butler,237
howie,119
whatmore,296
shiara,414
stels,296
geobreaker,237
droblexero,237
dwhatever,355
falumps,237
phex,25
lactose lad,414
kataquax,296
alexis,414
scooty booty man,178
omadon,414
desucakes,97
zgetto,25
mr flibble,355
captain blowjob,296
santieur52,355
pinkman,296
ramon,33
draz,119
jayb,296
knocker,237
vanity angel,7
guin,414
brownthumb,296
doommasterofdoom,296
monkeymut,296
2k12,355
ranger,237
galaxy heart,296
reaper,17
mordo,237
vitamin a,414
bragia,296
pjon,355
can~d,119
shufu,178
l.k.,237
meth,414
schlimmshady,33
bullet bill,119
hoorayforjay,97
geezaku,178
kaese,97
fenrir,178
angelfail,97
hen,65
razor ramon,97
munki,414
johan green,296
alpha dash,65
jambon,178
captain ireland,414
cheakiwara,178
prime,237
jtrig,296
looman,119
xychojack,414
lultam,178
trif,5
ryzon,178
swish,296
smeuh,414
sayle,414
beans,97
dp,355
cud,414
patsheezy,178
glitch,237
manon,237
jexal,296
zeruko,414
herrok,119
tfu,119
maxy,65
shais young,296
schmav,119
smo,355
focus miss,414
picky,178
alextheant,237
swan,355
scribble,119
dalung,65
rampage,296
craig,296
pugmug,119
dragmire jr,178
jah ridin',33
diabound,178
mozey,414
ship,119
fawlty,414
slhoka,237
liberz,119
squeachu,237
helmet,178
zuluking,237
pureskillz,97
mole,414
ari,296
kid candi,97
oolongt,119
pripps,65
otak_,237
sweaty slowpoke,296
dan soup,414
dreamlad,355
okameed,178
pilot,119
r23,49
kabs,355
hentaiking420,296
kiw1,49
excal,119
apm,414
ac,119
soniike,65
jmg,65
synaspe,97
king,178
leaf,97
powe,178
pancake,355
ice,17
slagnarok,355
cyclops,355
yeezy,296
android,9
hy,237
fauster,17
dev,25
wumpt,355
moone,414
yark,178
zeal,119
paul,355
toa,119
mahie,9
crab master race,414
makenshi,49
implix,237
amcd,119
aiika,237
brog,119
molten,296
suey,414
zeppx,119
shah,355
linney,355
kieran,119
captain_hawaiian,355
kiisu,355
sono,237
lockdown,355
trail,237
overtriforce,4
omega,296
explo,65
rach,97
demo_d,119
sonsofsparda,355
midgeet,237
pachakamakk,178
modestmajor,414
wingus,178
biggs,355
edamame,119
ultimat3spaz,355
kid anarkist,296
pootrain,414
jeffz0r,178
sgt. snuggles,178
mikehaggarssbm,49
yiivo,237
lorenzo,237
moby,296
n0ne,9
giantsquidtech,237
baxon,17
orz,355
harvey wallbanger,355
monopenisguy,97
exile,414
aiken,178
lord.ape.69,355
xenjih,355
dyne,119
chelly,296
clemens,65
ghoul,355
aniolas,49
galapagos,296
stretch armstrong,296
endofstory,119
random-ness,33
kyran,237
soy,65
ali,119
coen,97
samplay,33
luk,97
zeny,296
brado,119
nintendork,119
willy,49
wolfjudgement,355
chaler,355
yungbami,178
tempestpeak,237
jules,65
stowaway,414
steav,355
reek,414
yabasta,49
yeniths,119
klabautermann,178
capem,119
g,119
lalzu,237
däumling,13
deku_don,355
rechen,178
annapower89,414
lolex,178
brtarolg,65
mumbles,296
biss,178
xversusz,296
gamba,355
metafalo,178
shiftingshadows,65
jeapie,13
professor pro,5
doon,414
phade,65
winston churtrill,237
mbk,355
nils,65
solo,355
lguy,65
zoler,33
calzum,65
petteh,178
timemuffinphd,33
leffen,7
luigo,65
naru,119
haotwo,65
stivo,49
armada,1
amnesiac,178
tekk,13
maskless,97
trent,119
ladz,296
smash_falco3,178
the moon,2
blaze,25
marhda,414
sheep,237
ahmad,178
imperfect,119
fisheatcorn,97
alox,17
pi,355
karhu,237
cypherzel,355
kune,296
design out of shield,355
cptnebula,119
dacacia,97
zettroxx,33
leomeror,296
raoul,97
starko,355
cyr,17
hobowolf,355
matador,355
pasi,33
rocky,33
electric,355
noscrubuk,296
kirbyvert,178
epikfaal,65
cpt.zeppo,65
zephyr,178
aspro,296
ace,97
chudat,3
adamayonmike,17
jjlinyard,178
bqck,414
galaxy idol,414
aska,178
konati,97
sneddy,119
deathgazer,49
belia,49
phoenix,178
ezan,178
laurster,33
dusk,414
fa0,65
ares,13
alexander,237
guwop,237
prinz,25
kellner,33
levingy,49
yomi,65
gsk8,296
schwifty,178
thegood,237
jam,33
chav,178
amishcatfish,296
chinmi,296
isyan,178
stan sasquatch,237
baconhands,414
strangersa,119
mcbabe,355
turtle,355
icysummers,414
gg,178
jim,49
ook!,178
rashattack,119
feradit,65
fuzzyness,17
chango,355
amsah,9
socks,119
ac_anon,178
metal gear salad,237
jay,119
hylian reaper,119
saltsheikah,296
jibril cameron tomaz,119
bloodbowler,178
cogfist,237
badnight,237
momspaghetti,414
skrull,296
10quidshoes,414
pureevil,49
henley,414
dunch,237
ken allen tang,355
munx,296
orin,237
ningildo,237
mickey blue,237
bjt,296
free stratos,414
theworst,296
guile,296
chef,414
tgbd,414
gaussbet,119
boz,178
ducker,296
rogue,237
bez,355
calvin,178
slime,178
unhaven,97
quodan,414
jrhmz,414
dero,119
glitchy,178
layabout,119
iblis,178
infamousneon,296
tts,237
kitten,355
enigma,414
diamond zero,355
tomo,414
x1,65
oni,296
invkrmainr,119
leck,65
meisterjäger77,119
jbgood,414
setchi,119
supercat meow,119
lela,237
euo,414
redslasher,414
banbang,296
willz,65
kushty,355
adamkex,119
sosuk,119
tophatpat,119
loz,414
thc,237
captain love,119
mr. toothbrush,414
ringler,414
xardov,97
gorbo,178
hairybeast,296
kitanamonk,119
patchy knowly,414
20fu,355
toadee,178
young thug is a legend,119
pricent,65
bobby,178
aspens,414
midori,237
mistrrlove,49
thebabycheese,296
craft,65
glory,33
baron brody,33
twig,178
frenzy,33
flippy,237
frozenlight1337,25
timi,25
supergoomba,237
kadano,65
sgtsalty,414
tet,355
gblade,65
eon,237
eoe,414
papakek,355
burrhe,237
meamking,178
zee,237
michaeldouglas,237
boggle,296
avatar jillian,355
acurutax,119
sleepywaifu,414
sappy,355
bmgz,237
jomo,119
bride,414
taintedtriforce,355
mrtom,178
